{"v":5,"entries":{"configure-your-project--docs":{"id":"configure-your-project--docs","title":"Configure your project","name":"Docs","importPath":"./stories/Configure.mdx","storiesImports":[],"type":"docs","tags":["dev","test","unattached-mdx"]},"ui-badge--docs":{"id":"ui-badge--docs","title":"UI/Badge","name":"Docs","importPath":"./stories/Badge.stories.tsx","type":"docs","tags":["dev","test","autodocs"],"storiesImports":[]},"ui-badge--default":{"type":"story","id":"ui-badge--default","name":"Default","title":"UI/Badge","importPath":"./stories/Badge.stories.tsx","componentPath":"./components/ui/badge.tsx","tags":["dev","test","autodocs"]},"ui-badge--secondary":{"type":"story","id":"ui-badge--secondary","name":"Secondary","title":"UI/Badge","importPath":"./stories/Badge.stories.tsx","componentPath":"./components/ui/badge.tsx","tags":["dev","test","autodocs"]},"ui-badge--destructive":{"type":"story","id":"ui-badge--destructive","name":"Destructive","title":"UI/Badge","importPath":"./stories/Badge.stories.tsx","componentPath":"./components/ui/badge.tsx","tags":["dev","test","autodocs"]},"ui-badge--outline":{"type":"story","id":"ui-badge--outline","name":"Outline","title":"UI/Badge","importPath":"./stories/Badge.stories.tsx","componentPath":"./components/ui/badge.tsx","tags":["dev","test","autodocs"]},"ui-badge--with-icon":{"type":"story","id":"ui-badge--with-icon","name":"With Icon","title":"UI/Badge","importPath":"./stories/Badge.stories.tsx","componentPath":"./components/ui/badge.tsx","tags":["dev","test","autodocs"]},"ui-badge--all-variants":{"type":"story","id":"ui-badge--all-variants","name":"All Variants","title":"UI/Badge","importPath":"./stories/Badge.stories.tsx","componentPath":"./components/ui/badge.tsx","tags":["dev","test","autodocs"]},"example-button--docs":{"id":"example-button--docs","title":"Example/Button","name":"Docs","importPath":"./stories/Button.stories.ts","type":"docs","tags":["dev","test","autodocs"],"storiesImports":[]},"example-button--primary":{"type":"story","id":"example-button--primary","name":"Primary","title":"Example/Button","importPath":"./stories/Button.stories.ts","componentPath":"./stories/Button.tsx","tags":["dev","test","autodocs"]},"example-button--secondary":{"type":"story","id":"example-button--secondary","name":"Secondary","title":"Example/Button","importPath":"./stories/Button.stories.ts","componentPath":"./stories/Button.tsx","tags":["dev","test","autodocs"]},"example-button--large":{"type":"story","id":"example-button--large","name":"Large","title":"Example/Button","importPath":"./stories/Button.stories.ts","componentPath":"./stories/Button.tsx","tags":["dev","test","autodocs"]},"example-button--small":{"type":"story","id":"example-button--small","name":"Small","title":"Example/Button","importPath":"./stories/Button.stories.ts","componentPath":"./stories/Button.tsx","tags":["dev","test","autodocs"]},"ui-card--docs":{"id":"ui-card--docs","title":"UI/Card","name":"Docs","importPath":"./stories/Card.stories.tsx","type":"docs","tags":["dev","test","autodocs"],"storiesImports":[]},"ui-card--default":{"type":"story","id":"ui-card--default","name":"Default","title":"UI/Card","importPath":"./stories/Card.stories.tsx","componentPath":"./components/ui/card.tsx","tags":["dev","test","autodocs"]},"ui-card--with-footer":{"type":"story","id":"ui-card--with-footer","name":"With Footer","title":"UI/Card","importPath":"./stories/Card.stories.tsx","componentPath":"./components/ui/card.tsx","tags":["dev","test","autodocs"]},"ui-card--with-action":{"type":"story","id":"ui-card--with-action","name":"With Action","title":"UI/Card","importPath":"./stories/Card.stories.tsx","componentPath":"./components/ui/card.tsx","tags":["dev","test","autodocs"]},"ui-card--component-showcase":{"type":"story","id":"ui-card--component-showcase","name":"Component Showcase","title":"UI/Card","importPath":"./stories/Card.stories.tsx","componentPath":"./components/ui/card.tsx","tags":["dev","test","autodocs"]},"ui-card--simple-card":{"type":"story","id":"ui-card--simple-card","name":"Simple Card","title":"UI/Card","importPath":"./stories/Card.stories.tsx","componentPath":"./components/ui/card.tsx","tags":["dev","test","autodocs"]},"example-header--docs":{"id":"example-header--docs","title":"Example/Header","name":"Docs","importPath":"./stories/Header.stories.ts","type":"docs","tags":["dev","test","autodocs"],"storiesImports":[]},"example-header--logged-in":{"type":"story","id":"example-header--logged-in","name":"Logged In","title":"Example/Header","importPath":"./stories/Header.stories.ts","componentPath":"./stories/Header.tsx","tags":["dev","test","autodocs"]},"example-header--logged-out":{"type":"story","id":"example-header--logged-out","name":"Logged Out","title":"Example/Header","importPath":"./stories/Header.stories.ts","componentPath":"./stories/Header.tsx","tags":["dev","test","autodocs"]},"ui-input--docs":{"id":"ui-input--docs","title":"UI/Input","name":"Docs","importPath":"./stories/Input.stories.tsx","type":"docs","tags":["dev","test","autodocs"],"storiesImports":[]},"ui-input--default":{"type":"story","id":"ui-input--default","name":"Default","title":"UI/Input","importPath":"./stories/Input.stories.tsx","componentPath":"./components/ui/input.tsx","tags":["dev","test","autodocs"]},"ui-input--email":{"type":"story","id":"ui-input--email","name":"Email","title":"UI/Input","importPath":"./stories/Input.stories.tsx","componentPath":"./components/ui/input.tsx","tags":["dev","test","autodocs"]},"ui-input--password":{"type":"story","id":"ui-input--password","name":"Password","title":"UI/Input","importPath":"./stories/Input.stories.tsx","componentPath":"./components/ui/input.tsx","tags":["dev","test","autodocs"]},"ui-input--search-input":{"type":"story","id":"ui-input--search-input","name":"Search Input","title":"UI/Input","importPath":"./stories/Input.stories.tsx","componentPath":"./components/ui/input.tsx","tags":["dev","test","autodocs"]},"ui-input--disabled":{"type":"story","id":"ui-input--disabled","name":"Disabled","title":"UI/Input","importPath":"./stories/Input.stories.tsx","componentPath":"./components/ui/input.tsx","tags":["dev","test","autodocs"]},"ui-input--with-icon":{"type":"story","id":"ui-input--with-icon","name":"With Icon","title":"UI/Input","importPath":"./stories/Input.stories.tsx","componentPath":"./components/ui/input.tsx","tags":["dev","test","autodocs"]},"ui-input--with-right-icon":{"type":"story","id":"ui-input--with-right-icon","name":"With Right Icon","title":"UI/Input","importPath":"./stories/Input.stories.tsx","componentPath":"./components/ui/input.tsx","tags":["dev","test","autodocs"]},"ui-input--login-form":{"type":"story","id":"ui-input--login-form","name":"Login Form","title":"UI/Input","importPath":"./stories/Input.stories.tsx","componentPath":"./components/ui/input.tsx","tags":["dev","test","autodocs"]},"ui-input--large":{"type":"story","id":"ui-input--large","name":"Large","title":"UI/Input","importPath":"./stories/Input.stories.tsx","componentPath":"./components/ui/input.tsx","tags":["dev","test","autodocs"]},"ui-input--all-sizes":{"type":"story","id":"ui-input--all-sizes","name":"All Sizes","title":"UI/Input","importPath":"./stories/Input.stories.tsx","componentPath":"./components/ui/input.tsx","tags":["dev","test","autodocs"]},"example-page--logged-out":{"type":"story","id":"example-page--logged-out","name":"Logged Out","title":"Example/Page","importPath":"./stories/Page.stories.ts","componentPath":"./stories/Page.tsx","tags":["dev","test"]},"example-page--logged-in":{"type":"story","id":"example-page--logged-in","name":"Logged In","title":"Example/Page","importPath":"./stories/Page.stories.ts","componentPath":"./stories/Page.tsx","tags":["dev","test","play-fn"]},"components-searchinterface--docs":{"id":"components-searchinterface--docs","title":"Components/SearchInterface","name":"Docs","importPath":"./stories/SearchInterface.stories.tsx","type":"docs","tags":["dev","test","autodocs"],"storiesImports":[]},"components-searchinterface--default":{"type":"story","id":"components-searchinterface--default","name":"Default","title":"Components/SearchInterface","importPath":"./stories/SearchInterface.stories.tsx","componentPath":"./components/search-interface.tsx","tags":["dev","test","autodocs"]},"components-searchinterface--loading-state":{"type":"story","id":"components-searchinterface--loading-state","name":"Loading State","title":"Components/SearchInterface","importPath":"./stories/SearchInterface.stories.tsx","componentPath":"./components/search-interface.tsx","tags":["dev","test","autodocs"]},"components-searchinterface--feature-showcase":{"type":"story","id":"components-searchinterface--feature-showcase","name":"Feature Showcase","title":"Components/SearchInterface","importPath":"./stories/SearchInterface.stories.tsx","componentPath":"./components/search-interface.tsx","tags":["dev","test","autodocs"]},"components-searchinterface--interactive-demo":{"type":"story","id":"components-searchinterface--interactive-demo","name":"Interactive Demo","title":"Components/SearchInterface","importPath":"./stories/SearchInterface.stories.tsx","componentPath":"./components/search-interface.tsx","tags":["dev","test","autodocs"]},"components-searchinterface--component-architecture":{"type":"story","id":"components-searchinterface--component-architecture","name":"Component Architecture","title":"Components/SearchInterface","importPath":"./stories/SearchInterface.stories.tsx","componentPath":"./components/search-interface.tsx","tags":["dev","test","autodocs"]}}}